<?xml version="1.0" encoding="UTF-8"?>
<project-private xmlns="http://www.netbeans.org/ns/project-private/1">
    <editor-bookmarks xmlns="http://www.netbeans.org/ns/editor-bookmarks/2" lastBookmarkId="0"/>
    <open-files xmlns="http://www.netbeans.org/ns/projectui-open-files/2">
        <group>
            <file>file:/C:/Users/eduar/OneDrive/Documentos/Eduardo/ec/pic/t1-soe/kernel.c</file>
            <file>file:/C:/Users/eduar/OneDrive/Documentos/Eduardo/ec/pic/t1-soe/types.h</file>
            <file>file:/C:/Users/eduar/OneDrive/Documentos/Eduardo/ec/pic/t1-soe/pipe.h</file>
            <file>file:/C:/Users/eduar/OneDrive/Documentos/Eduardo/ec/pic/t1-soe/io.h</file>
            <file>file:/C:/Users/eduar/OneDrive/Documentos/Eduardo/ec/pic/t1-soe/user_app.c</file>
            <file>file:/C:/Users/eduar/OneDrive/Documentos/Eduardo/ec/pic/t1-soe/hardware.c</file>
            <file>file:/C:/Users/eduar/OneDrive/Documentos/Eduardo/ec/pic/t1-soe/main.c</file>
            <file>file:/C:/Users/eduar/OneDrive/Documentos/Eduardo/ec/pic/t1-soe/pipe.c</file>
            <file>file:/C:/Users/eduar/OneDrive/Documentos/Eduardo/ec/pic/t1-soe/io.c</file>
        </group>
    </open-files>
</project-private>
